{
  "Description": "Default DASH Adaptive Bitrate",
  "Category": "Amplify-Video",
  "Name": "Amplify_Video_DASH",
  "Settings": {
    "TimecodeConfig": {
      "Source": "ZEROBASED"
    },
    "OutputGroups": [
      {
        "Name": "DASH ISO",
        "Outputs": [
          {
            "ContainerSettings": {
              "Container": "MPD"
            },
            "VideoDescription": {
              "CodecSettings": {
                "Codec": "H_264",
                "H264Settings": {
                  "Bitrate": 3000000
                }
              }
            },
            "NameModifier": "_3000"
          },
          {
            "ContainerSettings": {
              "Container": "MPD"
            },
            "VideoDescription": {
              "Height": 540,
              "CodecSettings": {
                "Codec": "H_264",
                "H264Settings": {
                  "Bitrate": 1500000
                }
              }
            },
            "NameModifier": "_1500"
          },
          {
            "ContainerSettings": {
              "Container": "MPD"
            },
            "VideoDescription": {
              "Height": 432,
              "CodecSettings": {
                "Codec": "H_264",
                "H264Settings": {
                  "Bitrate": 750000
                }
              }
            },
            "NameModifier": "_750"
          },
          {
            "ContainerSettings": {
              "Container": "MPD"
            },
            "VideoDescription": {
              "Height": 360,
              "CodecSettings": {
                "Codec": "H_264",
                "H264Settings": {
                  "Bitrate": 325000
                }
              }
            },
            "NameModifier": "_325"
          },
          {
            "ContainerSettings": {
              "Container": "MPD"
            },
            "AudioDescriptions": [
              {
                "AudioSourceName": "Audio Selector 1",
                "CodecSettings": {
                  "Codec": "AAC",
                  "AacSettings": {
                    "Bitrate": 96000,
                    "CodingMode": "CODING_MODE_2_0",
                    "SampleRate": 48000
                  }
                }
              }
            ]
          }
        ],
        "OutputGroupSettings": {
          "Type": "DASH_ISO_GROUP_SETTINGS",
          "DashIsoGroupSettings": {
            "SegmentLength": 15,
            "Destination": "s3://outputDash/",
            "FragmentLength": 2,
            "SegmentControl": "SINGLE_FILE",
            "HbbtvCompliance": "HBBTV_1_5"
          }
        }
      }
    ],
    "Inputs": [
      {
        "AudioSelectors": {
          "Audio Selector 1": {
            "DefaultSelection": "DEFAULT"
          }
        },
        "VideoSelector": {},
        "TimecodeSource": "ZEROBASED"
      }
    ]
  },
  "AccelerationSettings": {
    "Mode": "DISABLED"
  },
  "StatusUpdateInterval": "SECONDS_60",
  "Priority": 0
}