{
    "shared": {
        "resourceName": "m1820vodservice"
    },
    "template": {
        "type": [
            "DASH"
        ],
        "name": "Amplify_Video_DASH.json"
    },
    "sns": {
        "createTopic": true,
        "snsFunction": true
    },
    "contentDeliveryNetwork": {
        "enableDistribution": false
    },
    "parameters": {
        "authRoleName": {
            "Ref": "AuthRoleName"
        },
        "GraphQLAPIId": {
            "Fn::GetAtt": [
                "apivodscotth",
                "Outputs.GraphQLAPIIdOutput"
            ]
        },
        "GraphQLEndpoint": {
            "Fn::GetAtt": [
                "apivodscotth",
                "Outputs.GraphQLAPIEndpointOutput"
            ]
        }
    },
    "permissions": {
        "permissionSchema": [
            "admin"
        ]
    },
    "cms": {
        "overrideSchema": true,
        "editAPI": true
    }
}