{
  "providers": {
    "awscloudformation": {
      "AuthRoleName": "amplify-vodscotth-dev-152847-authRole",
      "UnauthRoleArn": "arn:aws:iam::331235945537:role/amplify-vodscotth-dev-152847-unauthRole",
      "AuthRoleArn": "arn:aws:iam::331235945537:role/amplify-vodscotth-dev-152847-authRole",
      "Region": "us-east-2",
      "DeploymentBucketName": "amplify-vodscotth-dev-152847-deployment",
      "UnauthRoleName": "amplify-vodscotth-dev-152847-unauthRole",
      "StackName": "amplify-vodscotth-dev-152847",
      "StackId": "arn:aws:cloudformation:us-east-2:331235945537:stack/amplify-vodscotth-dev-152847/f47768b0-b6a8-11ec-8012-0679e74f0f94",
      "AmplifyAppId": "d3ujckmwq0095k"
    }
  },
  "auth": {
    "vodscotth133eebea": {
      "service": "Cognito",
      "providerPlugin": "awscloudformation",
      "dependsOn": [],
      "customAuth": false,
      "frontendAuthConfig": {
        "socialProviders": [],
        "usernameAttributes": [],
        "signupAttributes": [
          "EMAIL"
        ],
        "passwordProtectionSettings": {
          "passwordPolicyMinLength": 8,
          "passwordPolicyCharacters": []
        },
        "mfaConfiguration": "OFF",
        "mfaTypes": [
          "SMS"
        ],
        "verificationMechanisms": [
          "EMAIL"
        ]
      },
      "output": {
        "UserPoolId": "us-east-2_oB6Y9JVMw",
        "AppClientIDWeb": "6j037qcfh2g85outo9j7iud239",
        "AppClientID": "7tvteb16ek9g7ku8mtdpil2hk9",
        "IdentityPoolId": "us-east-2:2ef536d2-8901-4b57-a7fd-f5b4c7494528",
        "UserPoolArn": "arn:aws:cognito-idp:us-east-2:331235945537:userpool/us-east-2_oB6Y9JVMw",
        "IdentityPoolName": "vodscotth133eebea_identitypool_133eebea__dev",
        "UserPoolName": "vodscotth133eebea_userpool_133eebea"
      },
      "lastPushTimeStamp": "2022-04-29T16:07:23.891Z",
      "providerMetadata": {
        "s3TemplateURL": "https://s3.amazonaws.com/amplify-vodscotth-dev-152847-deployment/amplify-cfn-templates/auth/vodscotth133eebea-cloudformation-template.json",
        "logicalId": "authvodscotth133eebea"
      },
      "lastPushDirHash": "ZaoLqWwaLN82PIJkBhzKUc7vxnI="
    },
    "userPoolGroups": {
      "service": "Cognito-UserPool-Groups",
      "providerPlugin": "awscloudformation",
      "dependsOn": [
        {
          "category": "auth",
          "resourceName": "vodscotth133eebea",
          "attributes": [
            "UserPoolId",
            "AppClientIDWeb",
            "AppClientID",
            "IdentityPoolId"
          ]
        }
      ],
      "lastPushDirHash": "VD4UyzgWy7YMrbCvnXSLahbjnO0=",
      "lastPushTimeStamp": "2022-04-29T16:07:23.891Z"
    }
  },
  "api": {
    "vodscotth": {
      "service": "AppSync",
      "providerPlugin": "awscloudformation",
      "output": {
        "authConfig": {
          "defaultAuthentication": {
            "authenticationType": "AMAZON_COGNITO_USER_POOLS",
            "userPoolConfig": {
              "userPoolId": "authvodscotth133eebea"
            }
          },
          "additionalAuthenticationProviders": []
        },
        "GraphQLAPIIdOutput": "xz5bj4mou5eollkigitkbrjfem",
        "GraphQLAPIEndpointOutput": "https://xdhmp7r2yfdgjmmlx2esmherju.appsync-api.us-east-2.amazonaws.com/graphql"
      },
      "lastPushTimeStamp": "2022-04-29T16:07:23.891Z",
      "providerMetadata": {
        "s3TemplateURL": "https://s3.amazonaws.com/amplify-vodscotth-dev-152847-deployment/amplify-cfn-templates/api/cloudformation-template.json",
        "logicalId": "apivodscotth"
      },
      "lastPushDirHash": "ywM4qRra42kboo6UI0+6oldXyTE="
    }
  },
  "video": {
    "m1820vodservice": {
      "service": "video",
      "serviceType": "video-on-demand",
      "providerPlugin": "awscloudformation",
      "output": {
        "oVodOutputUrl": "m1820vodservice-dev-output-n54rfo7m.s3.us-east-2.amazonaws.com",
        "oVODOutputS3": "m1820vodservice-dev-output-n54rfo7m",
        "oVODInputS3": "m1820vodservice-dev-input-n54rfo7m"
      },
      "lastPushTimeStamp": "2022-04-29T16:07:23.891Z",
      "providerMetadata": {
        "s3TemplateURL": "https://s3.amazonaws.com/amplify-vodscotth-dev-152847-deployment/amplify-cfn-templates/video/m1820vodservice-vod-workflow-template.yaml",
        "logicalId": "videom1820vodservice"
      },
      "lastPushDirHash": "8b2f0FjBZ+Sk3/kn4qxMLrP5zVI="
    }
  }
}